repo_url,repo_name,owner,collected_at,description,homepage,primary_language,created_at,updated_at,pushed_at,size_kb,visibility,default_branch,stars,forks,watchers,network_count,subscribers_count,open_issues_count,topics,topics_count,has_issues,has_projects,has_wiki,has_pages,has_discussions,readme_exists,contributing_exists,code_of_conduct_exists,license_type,license_spdx_id,total_issues,open_issues,closed_issues,total_issue_comments,total_prs,open_prs,closed_prs,merged_prs,total_contributors,top_contributor_commits,language_count,languages,total_releases,latest_release_date
https://github.com/rollup/rollup,rollup,rollup,2025-01-16T19:22:49.425655+00:00,Next-generation ES module bundler,https://rollupjs.org,JavaScript,2015-05-14T22:26:28Z,2025-01-16T16:27:36Z,2025-01-14T05:41:17Z,31062,public,master,25529,1542,25529,0,0,588,[],0,True,True,True,False,True,True,True,True,Other,NOASSERTION,44,23,21,170,100,7,93,85,30,2505,5,"{""JavaScript"": 4075339, ""TypeScript"": 1045209, ""Rust"": 198387, ""HTML"": 5020, ""CSS"": 37}",30,2025-01-07T10:36:39Z
https://github.com/webpack/webpack,webpack,webpack,2025-01-16T19:22:55.348659+00:00,"A bundler for javascript and friends. Packs many modules into a few bundled assets. Code Splitting allows for loading parts of the application on demand. Through ""loaders"", modules can be CommonJs, AMD, ES6 modules, CSS, Images, JSON, Coffeescript, LESS, ... and your custom stuff.",https://webpack.js.org,JavaScript,2012-03-10T10:08:14Z,2025-01-16T17:46:26Z,2025-01-16T03:40:45Z,67055,public,main,64948,8923,64948,0,0,249,"[""amd"", ""build-tool"", ""commonjs"", ""compiler"", ""es2015"", ""es6"", ""esm"", ""javascript"", ""javascript-compiler"", ""javascript-modules"", ""loaders"", ""module-bundler"", ""plugins"", ""web"", ""web-performance"", ""webpack""]",16,True,True,False,False,True,True,True,True,MIT License,MIT,29,13,16,48,100,18,82,35,30,9452,9,"{""JavaScript"": 5985780, ""CSS"": 125832, ""TypeScript"": 10853, ""WebAssembly"": 7504, ""Less"": 820, ""CoffeeScript"": 325, ""HTML"": 255, ""Pug"": 130, ""SCSS"": 32}",30,2024-12-05T14:19:51Z
https://github.com/babel/babel,babel,babel,2025-01-16T19:23:01.599229+00:00,üê† Babel is a compiler for writing next generation JavaScript.,https://babel.dev,TypeScript,2014-09-28T13:38:23Z,2025-01-16T08:43:45Z,2025-01-14T18:17:57Z,122211,public,main,43363,5659,43363,0,0,787,"[""ast"", ""babel"", ""compiler"", ""es2015"", ""es6"", ""flavortown"", ""javascript""]",7,True,True,False,False,True,True,True,True,MIT License,MIT,24,11,13,86,100,12,88,82,30,5876,6,"{""TypeScript"": 3640840, ""JavaScript"": 1609334, ""Shell"": 31497, ""Makefile"": 4622, ""HTML"": 3371, ""Batchfile"": 43}",30,2025-01-13T18:42:40Z
https://github.com/sindresorhus/type-fest,type-fest,sindresorhus,2025-01-16T19:23:09.342024+00:00,A collection of essential TypeScript types,,TypeScript,2019-03-13T10:30:19Z,2025-01-16T14:10:29Z,2025-01-16T11:12:33Z,2006,public,main,14696,570,14696,0,0,165,"[""npm-package"", ""types"", ""typescript"", ""typescript-definitions"", ""utilities""]",5,True,False,False,False,False,True,True,True,Creative Commons Zero v1.0 Universal,CC0-1.0,43,24,19,81,100,10,90,79,30,302,2,"{""TypeScript"": 288248, ""JavaScript"": 741}",30,2025-01-09T03:59:43Z
https://github.com/inikulin/parse5,parse5,inikulin,2025-01-16T19:23:15.381248+00:00,HTML parsing/serialization toolset for Node.js. WHATWG HTML Living Standard (aka HTML5)-compliant.,,TypeScript,2013-03-18T19:46:24Z,2025-01-16T16:43:23Z,2025-01-16T16:44:03Z,11069,public,master,3711,238,3711,0,0,30,"[""html"", ""html-parsing"", ""html5"", ""parser"", ""serialization"", ""serializer"", ""whatwg""]",7,True,True,True,True,False,True,True,True,MIT License,MIT,6,2,4,10,100,2,98,92,30,756,3,"{""TypeScript"": 452748, ""JavaScript"": 8997, ""Shell"": 61}",30,2024-10-28T10:22:48Z
https://github.com/zloirock/core-js,core-js,zloirock,2025-01-16T19:23:20.989597+00:00,Standard Library,,JavaScript,2013-07-17T16:32:27Z,2025-01-16T17:02:47Z,2025-01-13T18:44:13Z,62070,public,master,24732,1656,24732,0,0,40,"[""ecmascript-proposals"", ""es2015"", ""es2019"", ""es6"", ""es7"", ""esnext"", ""javascript"", ""js"", ""polyfill"", ""ponyfill"", ""promise"", ""proposal"", ""proposals"", ""shim"", ""symbol"", ""weakmap""]",16,True,False,False,True,True,True,True,True,MIT License,MIT,58,4,54,180,100,6,94,69,30,6177,3,"{""JavaScript"": 3749206, ""TypeScript"": 5640, ""HTML"": 1675}",30,2025-01-07T18:21:59Z
https://github.com/biomejs/biome,biome,biomejs,2025-01-16T19:23:27.049876+00:00,"A toolchain for web projects, aimed to provide functionalities to maintain them. Biome offers formatter and linter, usable via CLI and LSP.",https://biomejs.dev,Rust,2023-07-27T20:30:22Z,2025-01-16T18:22:08Z,2025-01-16T01:21:33Z,209372,public,main,16473,512,16473,0,0,215,"[""css"", ""formatter"", ""javascript"", ""json"", ""jsx"", ""linter"", ""static-code-analysis"", ""typescript"", ""web""]",9,True,True,False,False,True,True,True,True,Apache License 2.0,Apache-2.0,31,18,13,61,100,11,89,84,30,1166,10,"{""Rust"": 13307067, ""JavaScript"": 1309236, ""TypeScript"": 599838, ""CSS"": 308140, ""Just"": 5072, ""HTML"": 4234, ""Shell"": 2294, ""Svelte"": 852, ""Dockerfile"": 461, ""RenderScript"": 1}",30,2024-11-26T08:57:18Z
https://github.com/servo/rust-smallvec,rust-smallvec,servo,2025-01-16T19:23:33.663213+00:00,"""Small vector"" optimization for Rust: store up to a small number of items on the stack",,Rust,2015-04-05T21:42:27Z,2025-01-16T08:04:26Z,2025-01-15T23:49:03Z,670,public,v2,1386,146,1386,0,0,34,[],0,True,True,True,False,False,True,True,True,Apache License 2.0,Apache-2.0,32,14,18,65,100,1,99,91,30,106,2,"{""Rust"": 116180, ""Shell"": 1226}",30,2025-01-15T23:49:32Z
https://github.com/jedisct1/go-minisign,go-minisign,jedisct1,2025-01-16T19:23:39.560426+00:00,Minisign verification library for Golang.,,Go,2018-01-13T20:40:58Z,2024-12-23T10:12:49Z,2024-12-12T09:31:56Z,83,public,master,113,12,113,0,0,1,"[""crypto"", ""cryptography"", ""ed25519"", ""minisign"", ""signatures""]",5,True,True,True,False,False,True,True,True,MIT License,MIT,2,0,2,6,9,1,8,2,3,34,1,"{""Go"": 5262}",0,
https://github.com/pandas-dev/pandas,pandas,pandas-dev,2025-01-16T19:23:43.384783+00:00,"Flexible and powerful data analysis / manipulation library for Python, providing labeled data structures similar to R data.frame objects, statistical functions, and much more",https://pandas.pydata.org,Python,2010-08-24T01:37:33Z,2025-01-16T19:14:43Z,2025-01-16T17:11:45Z,364675,public,main,44318,18132,44318,0,0,3675,"[""alignment"", ""data-analysis"", ""data-science"", ""flexible"", ""pandas"", ""python""]",6,True,True,False,False,False,True,True,True,"BSD 3-Clause ""New"" or ""Revised"" License",BSD-3-Clause,33,26,7,85,100,24,76,66,30,4843,10,"{""Python"": 20748229, ""Cython"": 1363094, ""HTML"": 457275, ""C"": 354589, ""Shell"": 22464, ""Meson"": 10864, ""Smarty"": 8486, ""CSS"": 6804, ""Dockerfile"": 5876, ""XSLT"": 1196}",30,2024-09-20T13:10:41Z
https://github.com/boa-dev/boa,boa,boa-dev,2025-01-16T19:23:50.389704+00:00,"Boa is an embeddable and experimental Javascript engine written in Rust. Currently, it has support for some of the language.",,Rust,2018-08-08T22:20:05Z,2025-01-16T16:07:30Z,2025-01-16T01:37:26Z,54626,public,main,5385,411,5385,0,0,132,"[""ecmascript"", ""hacktoberfest"", ""interpreter"", ""javascript"", ""javascript-engine"", ""javascript-interpreter"", ""parser"", ""runtime"", ""rust"", ""rust-crate"", ""wasm"", ""webassembly""]",12,True,True,True,True,True,True,True,True,MIT License,MIT,25,17,8,27,100,12,88,80,30,1287,3,"{""Rust"": 6691335, ""JavaScript"": 5791, ""RenderScript"": 2}",25,2024-12-05T18:02:48Z
https://github.com/ajv-validator/ajv,ajv,ajv-validator,2025-01-16T19:23:56.098731+00:00,The fastest JSON schema Validator. Supports JSON Schema draft-04/06/07/2019-09/2020-12 and JSON Type Definition (RFC8927),https://ajv.js.org,TypeScript,2015-05-19T23:23:32Z,2025-01-16T18:19:44Z,2024-12-16T00:07:28Z,37489,public,master,13992,886,13992,0,0,282,"[""ajv"", ""json-schema"", ""validator""]",3,True,False,False,True,True,True,True,True,MIT License,MIT,63,21,42,231,100,25,75,43,30,2054,3,"{""TypeScript"": 675187, ""JavaScript"": 11602, ""Shell"": 3078}",30,2024-07-12T20:39:25Z
https://github.com/mochajs/mocha,mocha,mochajs,2025-01-16T19:24:02.992705+00:00,"‚òïÔ∏è simple, flexible, fun javascript test framework for node.js & the browser",https://mochajs.org,JavaScript,2011-03-07T18:44:25Z,2025-01-16T18:10:32Z,2025-01-08T11:53:04Z,26733,public,main,22675,3013,22675,0,0,193,"[""bdd"", ""browser"", ""javascript"", ""mocha"", ""mochajs"", ""node"", ""nodejs"", ""tdd"", ""test"", ""test-framework"", ""testing"", ""testing-tools""]",12,True,False,True,False,False,True,True,True,MIT License,MIT,44,20,24,110,100,9,91,73,30,1105,5,"{""JavaScript"": 1123771, ""CSS"": 10088, ""HTML"": 462, ""CoffeeScript"": 328, ""TypeScript"": 130}",30,2025-01-02T06:36:04Z
https://github.com/axios/axios,axios,axios,2025-01-16T19:24:09.612553+00:00,Promise based HTTP client for the browser and node.js,https://axios-http.com,JavaScript,2014-08-18T22:30:27Z,2025-01-16T19:02:55Z,2025-01-10T02:57:40Z,17673,public,v1.x,106155,10987,106155,0,0,689,"[""hacktoberfest"", ""http-client"", ""javascript"", ""nodejs"", ""promise""]",5,True,True,False,False,True,True,True,True,MIT License,MIT,53,42,11,107,100,19,81,61,30,314,4,"{""JavaScript"": 421567, ""TypeScript"": 49422, ""HTML"": 8210, ""Handlebars"": 998}",30,2024-12-04T07:38:11Z
https://github.com/humanwhocodes/object-schema,object-schema,humanwhocodes,2025-01-16T19:24:15.958111+00:00,DEPRECATED. Use eslint/object-schema instead.,,JavaScript,2019-02-03T16:33:21Z,2024-06-10T15:34:29Z,2024-04-01T20:31:10Z,111,public,main,32,7,32,0,0,1,[],0,True,True,False,False,False,True,True,True,"BSD 3-Clause ""New"" or ""Revised"" License",BSD-3-Clause,1,0,1,0,19,1,18,7,3,29,1,"{""JavaScript"": 42438}",6,2024-04-01T20:31:10Z
https://github.com/clap-rs/clap,clap,clap-rs,2025-01-16T19:24:20.778011+00:00,"A full featured, fast Command Line Argument Parser for Rust",docs.rs/clap,Rust,2015-02-25T13:36:33Z,2025-01-16T18:12:40Z,2025-01-10T16:24:13Z,20069,public,master,14616,1068,14616,0,0,342,"[""argument-parser"", ""argument-parsing"", ""command-line"", ""command-line-parser"", ""parsed-arguments"", ""positional-arguments"", ""rust"", ""subcommands""]",8,True,False,False,True,True,True,True,True,Apache License 2.0,Apache-2.0,37,18,19,80,100,14,86,75,30,3623,7,"{""Rust"": 2303980, ""Shell"": 166539, ""PowerShell"": 63629, ""Nushell"": 14984, ""Elvish"": 11044, ""Roff"": 7904, ""Makefile"": 1461}",30,2025-01-09T18:07:17Z
https://github.com/vercel/swr,swr,vercel,2025-01-16T19:24:27.143868+00:00,React Hooks for Data Fetching,https://swr.vercel.app,TypeScript,2019-10-28T18:16:01Z,2025-01-16T17:02:10Z,2025-01-10T10:56:21Z,3415,public,main,30880,1242,30880,0,0,151,"[""cache"", ""data"", ""data-fetching"", ""fetch"", ""hook"", ""hooks"", ""nextjs"", ""react"", ""react-native"", ""stale-while-revalidate"", ""suspense"", ""swr"", ""vercel""]",13,True,False,False,False,True,True,True,True,MIT License,MIT,64,52,12,120,100,14,86,69,30,251,3,"{""TypeScript"": 484775, ""JavaScript"": 3739, ""Shell"": 90}",30,2024-12-23T15:27:46Z
https://github.com/immerjs/immer,immer,immerjs,2025-01-16T19:24:32.978452+00:00,Create the next immutable state by mutating the current one,https://immerjs.github.io/immer/,JavaScript,2017-12-29T12:25:47Z,2025-01-16T17:02:09Z,2024-09-19T07:46:06Z,5838,public,main,27964,852,27964,0,0,53,"[""immutable"", ""immutables"", ""reducer"", ""redux"", ""state-tree""]",5,True,True,True,True,False,True,True,True,MIT License,MIT,54,16,38,143,100,19,81,63,30,771,5,"{""JavaScript"": 139334, ""TypeScript"": 98902, ""MDX"": 82205, ""HTML"": 38507, ""CSS"": 1564}",30,2024-04-27T20:07:27Z
https://github.com/node-fetch/node-fetch,node-fetch,node-fetch,2025-01-16T19:24:39.071915+00:00,A light-weight module that brings the Fetch API to Node.js,,JavaScript,2015-01-26T07:29:26Z,2025-01-16T17:58:26Z,2024-08-13T22:17:04Z,1268,public,main,8818,1035,8818,0,0,210,"[""fetch"", ""fetch-api"", ""hacktoberfest"", ""http"", ""http-client"", ""node-fetch"", ""promise"", ""spec-compliant"", ""stream"", ""whatwg"", ""whatwg-fetch""]",11,True,False,False,False,True,True,True,True,MIT License,MIT,57,40,17,148,100,31,69,33,30,124,2,"{""JavaScript"": 199878, ""TypeScript"": 3341}",30,2023-08-23T17:18:41Z
https://github.com/tokio-rs/tokio,tokio,tokio-rs,2025-01-16T19:24:45.795446+00:00,"A runtime for writing reliable asynchronous applications with Rust. Provides I/O, networking, scheduling, timers, ...",https://tokio.rs,Rust,2016-09-09T22:31:36Z,2025-01-16T16:18:45Z,2025-01-13T17:36:51Z,14175,public,master,27691,2540,27691,0,0,324,"[""asynchronous"", ""networking"", ""rust""]",3,True,False,False,False,True,True,True,True,MIT License,MIT,33,13,20,112,100,15,85,75,30,633,2,"{""Rust"": 4958336, ""RenderScript"": 1}",30,2025-01-08T15:59:01Z
https://github.com/cssnano/cssnano,cssnano,cssnano,2025-01-16T19:24:52.375283+00:00,"A modular minifier, built on top of the PostCSS ecosystem.",https://cssnano.github.io/cssnano/,CSS,2015-04-14T16:23:09Z,2025-01-15T08:21:33Z,2024-12-26T16:18:32Z,33666,public,master,4823,319,4823,0,0,97,"[""css"", ""cssnano"", ""minification"", ""optimisation"", ""postcss""]",5,True,True,True,True,True,True,True,True,MIT License,MIT,25,10,15,56,100,0,100,96,30,1444,3,"{""CSS"": 2498811, ""JavaScript"": 714898, ""Nunjucks"": 14955}",30,2024-09-04T17:36:29Z
https://github.com/mikemcl/bignumber.js,bignumber.js,mikemcl,2025-01-16T19:24:57.698860+00:00,A JavaScript library for arbitrary-precision decimal and non-decimal arithmetic ,http://mikemcl.github.io/bignumber.js,JavaScript,2012-11-08T20:01:35Z,2025-01-15T15:29:44Z,2024-10-29T17:01:40Z,4784,public,master,6749,744,6749,0,0,25,"[""arbitrary-precision"", ""bigdecimal"", ""bignumber"", ""decimal-places"", ""javascript""]",5,True,True,True,True,False,True,True,True,MIT License,MIT,77,11,66,226,85,6,79,41,29,209,3,"{""JavaScript"": 4167193, ""HTML"": 44573, ""Java"": 1397}",2,2024-10-29T17:06:58Z
https://github.com/vuejs/vue,vue,vuejs,2025-01-16T19:25:03.551141+00:00,"This is the repo for Vue 2. For Vue 3, go to https://github.com/vuejs/core",http://v2.vuejs.org,TypeScript,2013-07-29T03:24:51Z,2025-01-16T16:31:30Z,2024-10-10T07:24:15Z,32152,public,main,208252,33702,208252,0,0,600,"[""framework"", ""frontend"", ""javascript"", ""vue""]",4,True,True,True,False,False,True,True,True,MIT License,MIT,13,2,11,23,100,14,86,4,30,2583,5,"{""TypeScript"": 1852998, ""JavaScript"": 34702, ""HTML"": 17826, ""CSS"": 11301, ""Shell"": 673}",30,2023-12-24T15:02:39Z
https://github.com/prettier/prettier,prettier,prettier,2025-01-16T19:25:10.508622+00:00,Prettier is an opinionated code formatter.,https://prettier.io,JavaScript,2016-11-29T17:13:37Z,2025-01-16T15:25:10Z,2025-01-16T13:14:33Z,144782,public,main,49787,4444,49787,0,0,1454,"[""angular"", ""ast"", ""css"", ""flow"", ""formatter"", ""graphql"", ""html"", ""javascript"", ""json"", ""jsx"", ""less"", ""markdown"", ""prettier"", ""printer"", ""scss"", ""typescript"", ""vue"", ""yaml""]",18,True,True,True,False,True,True,True,True,MIT License,MIT,38,27,11,47,100,29,71,69,30,1952,10,"{""JavaScript"": 2960186, ""TypeScript"": 213319, ""HTML"": 120058, ""CSS"": 117205, ""SCSS"": 61510, ""Less"": 40289, ""Vue"": 34271, ""Handlebars"": 28832, ""MDX"": 5023, ""Shell"": 519}",30,2024-12-04T07:05:44Z
https://github.com/mattn/go-isatty,go-isatty,mattn,2025-01-16T19:25:17.985817+00:00,,http://godoc.org/github.com/mattn/go-isatty,Go,2014-04-01T01:53:09Z,2025-01-14T02:31:50Z,2024-08-03T07:07:53Z,63,public,master,845,108,845,0,0,14,"[""cygwin"", ""go"", ""golang"", ""isatty"", ""msys2"", ""website""]",6,True,True,True,False,False,True,True,True,MIT License,MIT,34,10,24,103,53,4,49,44,26,87,2,"{""Go"": 7882, ""Shell"": 273}",0,
https://github.com/yarnpkg/yarn,yarn,yarnpkg,2025-01-16T19:25:23.357245+00:00,The 1.x line is frozen - features and bugfixes now happen on https://github.com/yarnpkg/berry,https://classic.yarnpkg.com,JavaScript,2016-01-19T17:39:16Z,2025-01-16T17:48:04Z,2025-01-16T04:45:28Z,119826,public,master,41481,2733,41481,0,0,2068,"[""javascript"", ""npm"", ""package-manager"", ""yarn""]",4,True,True,False,False,False,True,True,True,Other,NOASSERTION,28,15,13,55,100,77,23,2,30,238,5,"{""JavaScript"": 1605879, ""Shell"": 16650, ""PowerShell"": 2603, ""Groovy"": 1985, ""Batchfile"": 177}",30,2024-03-09T21:42:20Z
https://github.com/nodeca/js-yaml,js-yaml,nodeca,2025-01-16T19:25:29.577531+00:00,JavaScript YAML parser and dumper. Very fast.,http://nodeca.github.io/js-yaml/,JavaScript,2011-10-03T11:40:25Z,2025-01-16T18:35:44Z,2024-05-28T16:13:03Z,3777,public,master,6344,776,6344,0,0,65,[],0,True,True,False,True,False,True,True,True,MIT License,MIT,80,31,49,163,100,14,86,33,30,424,4,"{""JavaScript"": 216625, ""HTML"": 6482, ""CSS"": 1515, ""Shell"": 375}",0,
https://github.com/electron/electron,electron,electron,2025-01-16T19:25:36.181903+00:00,":electron: Build cross-platform desktop apps with JavaScript, HTML, and CSS",https://electronjs.org,C++,2013-04-12T01:47:36Z,2025-01-16T17:22:53Z,2025-01-16T19:06:57Z,161087,public,main,115154,15712,115154,0,0,990,"[""c-plus-plus"", ""chrome"", ""css"", ""electron"", ""html"", ""javascript"", ""nodejs"", ""v8"", ""works-with-codespaces""]",9,True,True,False,False,False,True,True,True,MIT License,MIT,36,24,12,73,100,27,73,55,30,8483,11,"{""C++"": 3784818, ""TypeScript"": 2172126, ""Objective-C++"": 404368, ""JavaScript"": 152129, ""Python"": 131385, ""Objective-C"": 44933, ""HTML"": 12057, ""Shell"": 8704, ""Batchfile"": 2794, ""C"": 2472, ""CSS"": 2369}",30,2025-01-15T21:37:58Z
https://github.com/typescript-eslint/typescript-eslint,typescript-eslint,typescript-eslint,2025-01-16T19:25:45.421974+00:00,:sparkles: Monorepo for all the tooling which enables ESLint to support TypeScript,https://typescript-eslint.io,TypeScript,2019-01-13T17:52:15Z,2025-01-16T15:15:47Z,2025-01-16T09:11:28Z,68693,public,main,15447,2760,15447,0,0,353,"[""eslint"", ""eslint-plugin"", ""eslintplugin"", ""plugin"", ""tslint"", ""typescript""]",6,True,False,False,False,True,True,True,True,MIT License,MIT,43,27,16,96,100,31,69,58,30,631,5,"{""TypeScript"": 6018624, ""MDX"": 519634, ""JavaScript"": 223622, ""CSS"": 33776, ""Vue"": 2588}",30,2025-01-13T17:17:59Z
https://github.com/vitest-dev/vitest,vitest,vitest-dev,2025-01-16T19:25:51.727642+00:00,Next generation testing framework powered by Vite.,https://vitest.dev,TypeScript,2021-12-03T19:19:49Z,2025-01-16T19:19:16Z,2025-01-16T19:19:14Z,24181,public,main,13568,1238,13568,0,0,326,"[""test"", ""testing-tools"", ""vite""]",3,True,True,True,False,True,True,True,True,MIT License,MIT,45,19,26,117,100,18,82,73,30,1292,9,"{""TypeScript"": 2759095, ""Vue"": 80662, ""JavaScript"": 70282, ""CSS"": 5315, ""HTML"": 4023, ""Imba"": 252, ""Less"": 39, ""SCSS"": 23, ""Sass"": 19}",30,2025-01-16T14:08:21Z
https://github.com/pnpm/cmd-shim,cmd-shim,pnpm,2025-01-16T19:25:57.291851+00:00,The cmd-shim used in pnpm,,TypeScript,2016-08-01T00:01:18Z,2023-06-20T06:13:21Z,2023-06-26T14:58:58Z,805,public,main,14,11,14,0,0,7,[],0,True,True,True,False,False,False,False,False,,,12,5,7,22,34,2,32,28,13,102,2,"{""TypeScript"": 19561, ""JavaScript"": 7107}",0,
https://github.com/facebook/react,react,facebook,2025-01-16T19:26:01.785189+00:00,The library for web and native user interfaces.,https://react.dev,JavaScript,2013-05-24T16:15:54Z,2025-01-16T19:25:14Z,2025-01-16T19:21:58Z,710550,public,main,231372,47375,231372,0,0,946,"[""declarative"", ""frontend"", ""javascript"", ""library"", ""react"", ""ui""]",6,True,True,True,True,False,True,True,True,MIT License,MIT,20,12,8,40,100,27,73,54,30,1778,12,"{""JavaScript"": 4837905, ""TypeScript"": 1716763, ""Rust"": 814723, ""HTML"": 109628, ""CSS"": 68298, ""C++"": 44290, ""CoffeeScript"": 19928, ""C"": 5227, ""Shell"": 4315, ""Python"": 259, ""RenderScript"": 190, ""Makefile"": 189}",30,2024-12-05T21:05:14Z
https://github.com/pytest-dev/pytest,pytest,pytest-dev,2025-01-16T19:26:07.460386+00:00,"The pytest framework makes it easy to write small tests, yet scales to support complex functional testing",https://pytest.org,Python,2015-06-15T20:28:27Z,2025-01-16T12:47:59Z,2025-01-14T09:40:41Z,35540,public,main,12325,2727,12325,0,0,921,"[""hacktoberfest"", ""python"", ""test"", ""testing"", ""unit-testing""]",5,True,True,True,False,True,True,True,True,MIT License,MIT,36,20,16,117,100,21,79,68,30,3869,2,"{""Python"": 3097884, ""Gherkin"": 192}",30,2024-12-01T13:01:48Z
https://github.com/go-task/slim-sprig,slim-sprig,go-task,2025-01-16T19:26:14.432575+00:00,Useful template functions for Go templates.,https://go-task.github.io/slim-sprig/,Go,2019-06-23T00:39:37Z,2024-12-15T06:02:00Z,2024-07-26T17:18:00Z,543,public,master,63,15,63,0,0,9,[],0,True,False,False,True,False,False,False,False,,,12,7,5,11,8,2,6,3,30,156,1,"{""Go"": 93212}",0,
https://github.com/motdotla/dotenv,dotenv,motdotla,2025-01-16T19:26:18.217839+00:00,Loads environment variables from .env for nodejs projects.,https://www.dotenvx.com,JavaScript,2013-07-05T18:25:05Z,2025-01-16T07:28:34Z,2025-01-08T17:42:37Z,2391,public,master,19390,861,19390,0,0,4,"[""configuration-file"", ""dotenv"", ""env"", ""environment-variables"", ""javascript"", ""node"", ""nodejs"", ""secret-management"", ""secret-manager"", ""secrets"", ""security-tools""]",11,True,False,False,True,True,True,True,True,"BSD 2-Clause ""Simplified"" License",BSD-2-Clause,53,3,50,177,100,0,100,65,30,538,2,"{""JavaScript"": 41139, ""TypeScript"": 460}",0,
https://github.com/debug-js/debug,debug,debug-js,2025-01-16T19:26:24.643226+00:00,A tiny JavaScript debugging utility modelled after Node.js core's debugging technique. Works in Node.js and web browsers,,JavaScript,2011-11-29T02:23:54Z,2025-01-15T21:10:27Z,2024-12-06T12:30:38Z,417,public,master,11200,945,11200,0,0,80,"[""browser"", ""debug"", ""debugging"", ""javascript"", ""logging"", ""node"", ""node-js""]",7,True,False,False,False,False,True,True,True,MIT License,MIT,75,31,44,150,100,18,82,32,30,183,1,"{""JavaScript"": 24470}",30,2024-12-06T12:37:31Z
https://github.com/eslint/eslint,eslint,eslint,2025-01-16T19:26:31.326459+00:00,Find and fix problems in your JavaScript code.,https://eslint.org,JavaScript,2013-06-29T23:59:48Z,2025-01-16T12:45:06Z,2025-01-16T13:15:58Z,45044,public,main,25422,4624,25422,0,0,98,"[""ecmascript"", ""eslint"", ""javascript"", ""linter"", ""static-code-analysis""]",5,True,True,False,False,True,True,True,True,MIT License,MIT,43,15,28,121,100,9,91,85,30,2512,5,"{""JavaScript"": 13470182, ""TypeScript"": 56808, ""EJS"": 4852, ""HTML"": 898, ""Shell"": 457}",30,2025-01-10T21:47:00Z
https://github.com/floating-ui/floating-ui,floating-ui,floating-ui,2025-01-16T19:26:37.693509+00:00,A JavaScript library to position floating elements and create interactions for them.,https://floating-ui.com,TypeScript,2016-03-29T17:00:47Z,2025-01-16T17:45:52Z,2025-01-07T10:06:40Z,40379,public,master,30491,1628,30491,0,0,34,"[""dropdown"", ""hacktoberfest"", ""popover"", ""popovers"", ""position"", ""positioning"", ""positioning-engine"", ""tooltip"", ""tooltip-position""]",9,True,True,True,False,True,True,True,True,MIT License,MIT,34,11,23,63,100,7,93,90,30,1287,6,"{""TypeScript"": 1042426, ""MDX"": 305320, ""JavaScript"": 205569, ""CSS"": 13268, ""HTML"": 1538, ""Vue"": 765}",30,2025-01-07T10:06:53Z
https://github.com/swc-project/swc,swc,swc-project,2025-01-16T19:26:43.504544+00:00,Rust-based platform for the Web,https://swc.rs,Rust,2017-12-22T11:40:14Z,2025-01-16T17:41:48Z,2025-01-16T18:05:52Z,358126,public,main,31516,1249,31516,0,0,406,"[""babel"", ""compiler"", ""ecmascript"", ""ecmascript-parser"", ""javascript"", ""parser"", ""rust"", ""swc"", ""typescript"", ""typescript-compiler"", ""typescript-parser""]",11,True,False,False,False,True,True,True,True,Apache License 2.0,Apache-2.0,33,19,14,56,100,11,89,80,30,4156,7,"{""Rust"": 21265372, ""JavaScript"": 455502, ""TypeScript"": 167086, ""Shell"": 26958, ""Python"": 3015, ""SCSS"": 22, ""RenderScript"": 8}",30,2025-01-10T05:35:16Z
https://github.com/level/levelup,levelup,level,2025-01-16T19:26:50.253969+00:00,"Superseded by abstract-level. A wrapper for abstract-leveldown compliant stores, for Node.js and browsers.",,JavaScript,2012-08-13T14:32:00Z,2025-01-13T05:59:10Z,2024-12-01T21:28:29Z,5894,public,master,4085,267,4085,0,0,0,"[""browser"", ""javascript"", ""level"", ""leveldb"", ""nodejs""]",5,True,False,True,False,False,True,True,True,MIT License,MIT,27,0,27,66,100,0,100,68,30,334,1,"{""JavaScript"": 90551}",23,2021-10-02T09:50:12Z
https://github.com/streetsidesoftware/cspell,cspell,streetsidesoftware,2025-01-16T19:26:57.276981+00:00,A Spell Checker for Code!,https://cspell.org,TypeScript,2017-01-15T13:11:46Z,2025-01-16T18:12:27Z,2025-01-16T18:16:44Z,259046,public,main,1300,103,1300,0,0,103,"[""spell"", ""spell-checker""]",2,True,True,True,True,True,True,True,True,MIT License,MIT,3,3,0,7,100,1,99,83,30,2696,16,"{""TypeScript"": 3651499, ""C++"": 552959, ""JavaScript"": 313479, ""TeX"": 108318, ""PowerShell"": 11060, ""Haskell"": 8727, ""Python"": 7729, ""MDX"": 6480, ""C"": 6234, ""CSS"": 2085, ""Ruby"": 1349, ""Svelte"": 1046, ""Go"": 880, ""Shell"": 829, ""R"": 464, ""C#"": 439}",30,2025-01-13T17:49:51Z
https://github.com/emotion-js/emotion,emotion,emotion-js,2025-01-16T19:27:03.583523+00:00,üë©‚Äçüé§ CSS-in-JS library designed for high performance style composition,https://emotion.sh/,JavaScript,2017-05-27T04:23:45Z,2025-01-16T09:40:07Z,2025-01-13T07:18:15Z,24917,public,main,17600,1117,17600,0,0,344,"[""babel-plugin"", ""css"", ""css-in-js"", ""emotion"", ""react"", ""reactjs""]",6,True,False,False,False,True,True,True,True,MIT License,MIT,47,32,15,116,100,32,68,52,30,546,3,"{""JavaScript"": 493582, ""TypeScript"": 229128, ""HTML"": 1728}",30,2024-12-09T08:43:33Z
https://github.com/sheetjs/js-crc32,js-crc32,sheetjs,2025-01-16T19:27:09.278933+00:00,:cyclone: JS standard CRC-32 and CRC32C implementation,http://oss.sheetjs.com/js-crc32/,Python,2014-06-16T21:21:27Z,2025-01-10T21:24:43Z,2022-08-20T21:32:00Z,22367,public,master,345,37,345,0,0,2,"[""bytes"", ""checksum"", ""crc"", ""crc-32"", ""crc32c"", ""data""]",6,True,True,True,True,False,True,True,True,Apache License 2.0,Apache-2.0,18,1,17,30,6,1,5,3,6,35,7,"{""Python"": 57355169, ""JavaScript"": 37347503, ""CSS"": 4996, ""HTML"": 4238, ""Makefile"": 3667, ""Shell"": 3365, ""TypeScript"": 379}",0,
https://github.com/numpy/numpy,numpy,numpy,2025-01-16T19:27:13.076387+00:00,The fundamental package for scientific computing with Python.,https://numpy.org,Python,2010-09-13T23:02:39Z,2025-01-16T18:57:27Z,2025-01-16T18:34:07Z,152765,public,main,28567,10329,28567,0,0,2181,"[""numpy"", ""python""]",2,True,True,True,False,False,True,True,True,Other,NOASSERTION,44,22,22,133,100,14,86,81,30,6655,11,"{""Python"": 11186582, ""C"": 6385526, ""C++"": 547030, ""Cython"": 193011, ""Meson"": 96070, ""Fortran"": 39272, ""Shell"": 18023, ""sed"": 5706, ""Smarty"": 4129, ""Starlark"": 1842, ""Makefile"": 1716}",30,2024-12-21T23:03:47Z
https://github.com/browserslist/browserslist,browserslist,browserslist,2025-01-16T19:27:20.713182+00:00,"ü¶î Share target browsers between different front-end tools, like Autoprefixer, Stylelint and babel-preset-env",https://browsersl.ist,JavaScript,2014-12-13T19:35:45Z,2025-01-16T18:11:41Z,2025-01-08T11:44:12Z,4360,public,main,13110,721,13110,0,0,42,[],0,True,False,False,True,True,True,True,True,MIT License,MIT,66,13,53,258,100,3,97,86,30,1188,1,"{""JavaScript"": 134578}",9,2025-01-08T11:43:54Z
https://github.com/import-js/eslint-plugin-import,eslint-plugin-import,import-js,2025-01-16T19:27:26.765081+00:00,ESLint plugin with rules that help validate proper imports.,,JavaScript,2015-03-15T00:21:57Z,2025-01-13T18:18:28Z,2025-01-09T02:10:28Z,4169,public,main,5614,1573,5614,0,0,628,"[""code-quality"", ""eslint"", ""eslint-plugin"", ""hacktoberfest"", ""import"", ""javascript"", ""lint"", ""linting""]",8,True,False,True,False,False,True,True,True,MIT License,MIT,64,29,35,427,100,20,80,58,30,948,7,"{""JavaScript"": 1040596, ""HTML"": 5277, ""TypeScript"": 2356, ""Shell"": 1976, ""PowerShell"": 356, ""Batchfile"": 181, ""CoffeeScript"": 45}",30,2024-10-03T10:32:57Z
https://github.com/redux-saga/redux-saga,redux-saga,redux-saga,2025-01-16T19:27:33.216790+00:00,An alternative side effect model for Redux apps,https://redux-saga.js.org/,JavaScript,2015-11-29T16:58:12Z,2025-01-16T05:54:07Z,2024-11-21T22:12:04Z,9473,public,main,22530,1968,22530,0,0,39,"[""effects"", ""middleware"", ""redux"", ""redux-saga"", ""sagas""]",5,True,True,True,True,True,True,True,True,MIT License,MIT,40,16,24,116,100,8,92,37,30,653,4,"{""JavaScript"": 284806, ""TypeScript"": 55951, ""SCSS"": 3620, ""CSS"": 1396}",30,2024-01-02T08:40:13Z
https://github.com/postcss/postcss,postcss,postcss,2025-01-16T19:27:39.188821+00:00,Transforming styles with JS plugins,https://postcss.org,TypeScript,2013-09-24T23:06:48Z,2025-01-16T16:27:02Z,2025-01-14T10:55:25Z,10792,public,main,28619,1567,28619,0,0,23,"[""ast"", ""css"", ""framework"", ""parser"", ""postcss""]",5,True,False,True,True,True,True,True,True,MIT License,MIT,65,6,59,252,100,0,100,88,30,3041,2,"{""TypeScript"": 178423, ""JavaScript"": 122251}",30,2025-01-14T10:55:36Z
https://github.com/fastify/fastify,fastify,fastify,2025-01-16T19:27:45.252547+00:00,"Fast and low overhead web framework, for Node.js",https://www.fastify.dev,JavaScript,2016-09-28T19:10:14Z,2025-01-16T17:41:44Z,2025-01-16T19:18:31Z,8724,public,main,32811,2333,32811,0,0,92,"[""nodejs"", ""performance"", ""speed"", ""webframework""]",4,True,True,False,False,True,True,True,True,Other,NOASSERTION,14,3,11,51,100,10,90,70,30,774,3,"{""JavaScript"": 1598628, ""TypeScript"": 155314, ""Shell"": 911}",30,2025-01-06T08:16:24Z
https://github.com/webdriverio/webdriverio,webdriverio,webdriverio,2025-01-16T19:27:51.676528+00:00,Next-gen browser and mobile automation test framework for Node.js,http://webdriver.io,TypeScript,2011-08-30T19:02:35Z,2025-01-16T18:11:26Z,2025-01-15T19:10:23Z,353361,public,main,9151,2528,9151,0,0,216,"[""automation"", ""cucumber"", ""devtools"", ""jasmine"", ""javascript"", ""mocha"", ""node"", ""performance"", ""performance-test"", ""test"", ""webdriver"", ""webdriverio""]",12,True,True,False,False,True,True,True,True,MIT License,MIT,39,16,23,108,100,12,88,70,30,3426,9,"{""TypeScript"": 4928225, ""JavaScript"": 178830, ""EJS"": 78780, ""CSS"": 36909, ""Gherkin"": 3472, ""Dockerfile"": 1699, ""Vue"": 328, ""Svelte"": 228, ""HTML"": 21}",30,2025-01-12T19:54:30Z
https://github.com/bluealloy/revm,revm,bluealloy,2025-01-16T19:27:58.380703+00:00,Rust implementation of the Ethereum Virtual Machine.,https://bluealloy.github.io/revm/,Rust,2021-09-29T09:21:18Z,2025-01-16T11:02:12Z,2025-01-16T18:14:19Z,24138,public,main,1721,603,1721,0,0,82,"[""blockchain"", ""contributor-friendly"", ""ethereum"", ""evm"", ""revm"", ""rust""]",6,True,True,True,True,True,True,True,True,MIT License,MIT,23,10,13,35,100,5,95,76,30,552,2,"{""Rust"": 1173613, ""Shell"": 708}",30,2025-01-13T18:45:58Z
https://github.com/ethereum/remix-project,remix-project,ethereum,2025-01-16T19:28:04.063089+00:00,Remix is a browser-based compiler and IDE that enables users to build Ethereum contracts with Solidity language and to debug transactions.,https://remix-ide.readthedocs.io,TypeScript,2020-03-20T07:49:48Z,2025-01-16T11:44:50Z,2025-01-16T12:09:39Z,251334,public,master,2545,1045,2545,0,0,778,"[""blockchain"", ""ethereum"", ""evm"", ""hacktoberfest"", ""remix"", ""remix-ide"", ""smart-contracts"", ""solidity"", ""vyper""]",9,True,True,True,False,False,True,True,True,MIT License,MIT,11,8,3,13,100,15,85,71,30,9215,11,"{""TypeScript"": 6036523, ""JavaScript"": 1939125, ""CSS"": 1508456, ""Solidity"": 104466, ""EJS"": 99216, ""Shell"": 17390, ""HTML"": 10871, ""Circom"": 7909, ""SCSS"": 3687, ""Handlebars"": 1602, ""Dockerfile"": 182}",30,2025-01-09T16:39:59Z
https://github.com/libp2p/go-libp2p,go-libp2p,libp2p,2025-01-16T19:28:09.737168+00:00,libp2p implementation in Go,,Go,2015-09-30T23:24:32Z,2025-01-16T10:29:32Z,2025-01-15T02:43:23Z,58875,public,master,6175,1096,6175,0,0,266,"[""libp2p"", ""networking-stack"", ""p2p""]",3,True,True,False,False,True,True,True,True,MIT License,MIT,26,15,11,69,100,14,86,64,30,1279,3,"{""Go"": 2678094, ""Shell"": 13226, ""Standard ML"": 70}",30,2024-12-19T00:01:41Z
https://github.com/paradigmxyz/reth,reth,paradigmxyz,2025-01-16T19:28:15.464460+00:00,"Modular, contributor-friendly and blazing-fast implementation of the Ethereum protocol, in Rust",https://reth.rs/,Rust,2022-09-15T23:05:57Z,2025-01-16T16:59:50Z,2025-01-16T19:26:06Z,87528,public,main,4253,1332,4253,0,0,296,"[""blockchain"", ""contributor-friendly"", ""distributed-systems"", ""ethereum"", ""execution-layer"", ""modular"", ""p2p"", ""rust""]",8,True,True,False,True,True,True,True,True,Apache License 2.0,Apache-2.0,11,5,6,18,100,17,83,73,30,2790,7,"{""Rust"": 10060839, ""Makefile"": 17657, ""Mermaid"": 5205, ""Dockerfile"": 1373, ""Shell"": 797, ""JavaScript"": 746, ""Handlebars"": 468}",30,2025-01-07T13:50:34Z
https://github.com/alloy-rs/core,core,alloy-rs,2025-01-16T19:28:21.821522+00:00,"High-performance, well-tested & documented core libraries for Ethereum, in Rust",https://alloy.rs,Rust,2023-03-17T16:49:39Z,2025-01-15T13:43:06Z,2025-01-15T18:06:21Z,3732,public,main,818,166,818,0,0,33,"[""blockchain"", ""ethereum"", ""evm"", ""rust"", ""solidity""]",5,True,False,False,False,False,True,True,True,Apache License 2.0,Apache-2.0,21,7,14,29,100,2,98,89,30,431,4,"{""Rust"": 1806698, ""Solidity"": 114673, ""C"": 17126, ""Shell"": 1611}",30,2025-01-15T13:43:41Z
https://github.com/wighawag/hardhat-deploy,hardhat-deploy,wighawag,2025-01-16T19:28:27.499065+00:00,hardhat deployment plugin,,TypeScript,2020-03-19T15:42:44Z,2025-01-15T16:08:50Z,2024-10-18T07:49:39Z,5446,public,master,1206,298,1206,0,0,171,[],0,True,True,True,False,False,True,True,True,MIT License,MIT,60,40,20,77,100,15,85,64,30,722,3,"{""TypeScript"": 266250, ""Solidity"": 117276, ""JavaScript"": 1080}",0,
https://github.com/status-im/nimbus-eth2,nimbus-eth2,status-im,2025-01-16T19:28:33.389844+00:00,Nim implementation of the Ethereum Beacon Chain,https://nimbus.guide,Nim,2018-07-20T13:45:21Z,2025-01-10T20:21:19Z,2025-01-16T17:54:16Z,63072,public,stable,558,251,558,0,0,199,"[""beacon-chain"", ""eth2"", ""eth2-clients"", ""ethereum"", ""hacktoberfest"", ""nim"", ""nimbus"", ""nimbus-eth2"", ""proof-of-stake"", ""serenity""]",10,True,True,True,True,False,True,True,True,Other,NOASSERTION,4,1,3,12,100,6,94,62,30,1877,12,"{""Nim"": 5558175, ""Shell"": 110178, ""C"": 97412, ""Makefile"": 32904, ""Jupyter Notebook"": 12282, ""Python"": 8496, ""Nix"": 8084, ""HTML"": 6055, ""Assembly"": 3669, ""Groovy"": 2403, ""Objective-C"": 2142, ""Dockerfile"": 1445}",30,2024-12-13T08:13:54Z
https://github.com/openzeppelin/openzeppelin-contracts,openzeppelin-contracts,openzeppelin,2025-01-16T19:28:39.693495+00:00,OpenZeppelin Contracts is a library for secure smart contract development.,https://openzeppelin.com/contracts,Solidity,2016-08-01T20:54:54Z,2025-01-16T18:17:43Z,2025-01-15T15:35:50Z,47413,public,master,25197,11866,25197,0,0,291,"[""ethereum"", ""evm"", ""security"", ""smart-contracts"", ""solidity""]",5,True,False,False,False,False,True,True,True,MIT License,MIT,14,4,10,52,100,21,79,55,30,888,6,"{""Solidity"": 1279163, ""JavaScript"": 1230104, ""Python"": 170889, ""Ruby"": 95064, ""Shell"": 9208, ""Makefile"": 1714}",30,2025-01-09T15:09:14Z
https://github.com/chainsafe/lodestar,lodestar,chainsafe,2025-01-16T19:28:45.733852+00:00,üåü TypeScript Implementation of Ethereum Consensus,https://lodestar.chainsafe.io,TypeScript,2018-06-22T14:41:47Z,2025-01-16T15:03:26Z,2025-01-16T17:18:00Z,397980,public,unstable,1227,317,1227,0,0,253,"[""beacon-chain"", ""blockchain"", ""eth2"", ""ethereum"", ""proof-of-stake"", ""serenity"", ""typescript""]",7,True,True,True,True,True,True,True,True,Apache License 2.0,Apache-2.0,21,15,6,30,100,10,90,67,30,2427,4,"{""TypeScript"": 6124564, ""JavaScript"": 46967, ""Shell"": 22461, ""Dockerfile"": 4364}",30,2025-01-14T17:08:10Z
https://github.com/prettier-solidity/prettier-plugin-solidity,prettier-plugin-solidity,prettier-solidity,2025-01-16T19:28:53.067993+00:00,A Prettier plugin for automatically formatting your Solidity code.,https://t.me/+kgTgkFgIwJkwMjcx,Solidity,2018-05-15T15:12:02Z,2025-01-14T09:53:51Z,2025-01-14T09:55:00Z,5016,public,main,731,75,731,0,0,12,"[""ethereum"", ""prettier"", ""prettier-plugin"", ""solidity""]",4,True,True,True,False,False,True,True,True,MIT License,MIT,4,1,3,6,100,3,97,58,21,274,2,"{""Solidity"": 148876, ""JavaScript"": 129249}",30,2025-01-06T23:04:12Z
https://github.com/nomicfoundation/hardhat,hardhat,nomicfoundation,2025-01-16T19:28:58.402769+00:00,"Hardhat is a development environment to compile, deploy, test, and debug your Ethereum software. ",https://hardhat.org,TypeScript,2018-04-14T22:20:59Z,2025-01-16T14:12:34Z,2025-01-16T16:17:31Z,193449,public,main,7441,1467,7441,0,0,529,"[""blockchain"", ""dapps"", ""debugging"", ""ethereum"", ""javascript"", ""smart-contracts"", ""solidity"", ""task-runner"", ""tooling"", ""typescript""]",10,True,True,False,False,True,True,True,True,Other,NOASSERTION,29,20,9,37,100,17,83,52,30,3391,5,"{""TypeScript"": 2803393, ""Solidity"": 288887, ""JavaScript"": 108043, ""Shell"": 13293, ""Vyper"": 1345}",30,2025-01-13T16:35:31Z
https://github.com/ethers-io/ethers.js,ethers.js,ethers-io,2025-01-16T19:29:03.991597+00:00,Complete Ethereum library and wallet implementation in JavaScript.,https://ethers.org/,TypeScript,2016-07-16T04:35:37Z,2025-01-16T02:56:17Z,2025-01-14T20:44:41Z,157573,public,main,8067,1899,8067,0,0,557,"[""blockchain"", ""ethereum"", ""ethers"", ""javascript"", ""typescript"", ""web3""]",6,True,False,False,False,True,True,True,True,MIT License,MIT,70,46,24,175,100,49,51,0,1,722,4,"{""TypeScript"": 1388403, ""JavaScript"": 691080, ""HTML"": 1084, ""CSS"": 80}",30,2025-01-06T01:46:52Z
https://github.com/web3/web3.js,web3.js,web3,2025-01-16T19:29:10.960820+00:00,Collection of comprehensive TypeScript libraries for Interaction with the Ethereum JSON RPC API and utility functions.,https://web3js.org/,TypeScript,2014-09-30T20:50:37Z,2025-01-16T12:57:01Z,2025-01-16T12:21:55Z,137047,public,4.x,19523,4995,19523,0,0,166,"[""abi-decoders"", ""abi-encoders"", ""api"", ""ethereum"", ""javascript"", ""typescript"", ""web3"", ""web3js""]",8,True,True,True,False,True,True,True,True,Other,NOASSERTION,25,12,13,38,100,19,81,57,30,779,5,"{""TypeScript"": 3939635, ""JavaScript"": 133707, ""Shell"": 15732, ""Solidity"": 6761, ""HTML"": 3046}",30,2024-12-03T16:55:33Z
https://github.com/sigp/lighthouse,lighthouse,sigp,2025-01-16T19:29:17.374942+00:00,Ethereum consensus client in Rust,https://lighthouse.sigmaprime.io/,Rust,2018-07-06T07:56:39Z,2025-01-16T03:53:57Z,2025-01-16T18:27:10Z,133417,public,stable,3021,784,3021,0,0,459,"[""eth2"", ""ethereum"", ""proof-of-stake""]",3,True,True,True,False,False,True,True,True,Apache License 2.0,Apache-2.0,21,13,8,29,100,18,82,29,30,2462,9,"{""Rust"": 11656686, ""Shell"": 16100, ""Makefile"": 12195, ""TeX"": 7292, ""Python"": 6916, ""Dockerfile"": 1235, ""PLpgSQL"": 1145, ""CSS"": 56, ""RenderScript"": 1}",30,2024-12-16T06:25:41Z
https://github.com/ethereum/solidity,solidity,ethereum,2025-01-16T19:29:31.015429+00:00,"Solidity, the Smart Contract Programming Language",https://soliditylang.org,C++,2015-08-17T12:27:26Z,2025-01-16T15:29:27Z,2025-01-16T16:54:58Z,78080,public,develop,23736,5905,23736,0,0,537,"[""blockchain"", ""cpp"", ""ethereum"", ""hacktoberfest"", ""language"", ""programming-language"", ""smartcontracts"", ""solidity""]",8,True,True,True,False,False,True,True,True,GNU General Public License v3.0,GPL-3.0,32,24,8,31,100,26,74,61,30,8998,10,"{""C++"": 7184059, ""Solidity"": 4165748, ""Yul"": 1071761, ""Python"": 331853, ""Shell"": 302080, ""CMake"": 78378, ""C"": 73443, ""Dockerfile"": 24311, ""JavaScript"": 15515, ""PowerShell"": 3712}",30,2024-10-09T06:37:53Z
https://github.com/supranational/blst,blst,supranational,2025-01-16T19:29:37.258098+00:00,Multilingual BLS12-381 signature library,,Assembly,2020-06-22T15:28:41Z,2025-01-16T18:57:40Z,2024-11-22T11:43:40Z,2032,public,master,487,182,487,0,0,35,"[""bls-signature"", ""bls12-381"", ""blst"", ""blst-library"", ""eth2"", ""filecoin"", ""hash-to-curve"", ""signatures""]",8,True,True,True,False,False,True,True,True,Apache License 2.0,Apache-2.0,57,11,46,279,97,13,84,0,22,994,14,"{""Assembly"": 2559781, ""C"": 498524, ""Go"": 199505, ""Rust"": 163346, ""Python"": 98452, ""C++"": 58224, ""C#"": 47297, ""Shell"": 11933, ""TypeScript"": 6165, ""JavaScript"": 2378, ""Java"": 2220, ""Batchfile"": 2045, ""HTML"": 1534, ""Makefile"": 1338}",15,2024-07-24T13:12:11Z
https://github.com/crate-crypto/go-ipa,go-ipa,crate-crypto,2025-01-16T19:29:42.952696+00:00,A Go implementation of cryptographic primitives for Verkle Trees,https://verkle.dev,Go,2021-10-13T17:15:25Z,2024-12-10T11:52:51Z,2024-07-24T23:39:17Z,360,public,master,33,14,33,0,0,10,"[""ethereum"", ""inner-product-argument"", ""verkle""]",3,True,False,False,True,False,True,True,True,Apache License 2.0,Apache-2.0,16,7,9,15,56,3,53,47,3,103,2,"{""Go"": 135882, ""Assembly"": 24626}",0,
https://github.com/vyperlang/vyper,vyper,vyperlang,2025-01-16T19:29:47.684263+00:00,Pythonic Smart Contract Language for the EVM,https://vyperlang.org,Python,2016-11-11T08:56:41Z,2025-01-14T18:56:44Z,2025-01-14T17:09:31Z,12332,public,master,4950,818,4950,0,0,489,"[""ethereum"", ""ethereum-dapp"", ""language"", ""python"", ""vyper""]",5,True,True,True,False,True,True,True,True,Other,NOASSERTION,32,23,9,19,100,26,74,57,30,1326,5,"{""Python"": 2662152, ""Makefile"": 2222, ""Batchfile"": 1614, ""Dockerfile"": 1145, ""Shell"": 793}",30,2025-01-04T01:23:59Z
https://github.com/eth-infinitism/account-abstraction,account-abstraction,eth-infinitism,2025-01-16T19:29:53.357061+00:00,,,TypeScript,2022-01-24T15:01:07Z,2025-01-15T07:53:47Z,2025-01-16T12:00:41Z,3127,public,develop,1595,675,1595,0,0,14,[],0,True,True,True,False,False,True,True,True,GNU General Public License v3.0,GPL-3.0,24,4,20,39,100,10,90,56,24,227,4,"{""TypeScript"": 236082, ""Solidity"": 183299, ""JavaScript"": 3117, ""Shell"": 1385}",4,2024-02-22T17:47:34Z
https://github.com/protofire/solhint,solhint,protofire,2025-01-16T19:29:59.019105+00:00,Solhint is an open-source project to provide a linting utility for Solidity code.,https://protofire.github.io/solhint/,JavaScript,2017-10-16T11:48:44Z,2025-01-15T15:01:44Z,2025-01-15T18:43:31Z,3274,public,develop,1054,168,1054,0,0,21,"[""ast"", ""code-quality"", ""dapp"", ""developer-tools"", ""ethereum"", ""linter"", ""security-scanner"", ""smart-contracts"", ""solhint"", ""solidity""]",10,True,True,True,True,True,True,True,True,MIT License,MIT,20,4,16,91,100,2,98,82,30,416,4,"{""JavaScript"": 502322, ""Solidity"": 40678, ""Shell"": 916, ""Dockerfile"": 120}",30,2024-12-31T17:33:05Z
https://github.com/wevm/viem,viem,wevm,2025-01-16T19:30:04.769903+00:00,TypeScript Interface for Ethereum,https://viem.sh,TypeScript,2022-07-22T00:54:04Z,2025-01-16T17:59:52Z,2025-01-16T10:03:27Z,366691,public,main,2679,947,2679,0,0,7,"[""abi"", ""contracts"", ""dapp"", ""ethereum"", ""typescript"", ""viem"", ""wagmi"", ""web3""]",8,True,True,False,False,True,True,True,True,Other,NOASSERTION,18,0,18,39,100,3,97,72,30,1543,6,"{""TypeScript"": 6499793, ""MDX"": 134079, ""Solidity"": 17997, ""JavaScript"": 1465, ""HTML"": 356, ""CSS"": 280}",30,2025-01-16T10:03:28Z
https://github.com/ethereum/go-ethereum,go-ethereum,ethereum,2025-01-16T19:30:11.607908+00:00,Go implementation of the Ethereum protocol,https://geth.ethereum.org,Go,2013-12-26T13:05:46Z,2025-01-16T14:58:43Z,2025-01-16T14:58:16Z,215633,public,master,48119,20407,48119,0,0,291,"[""blockchain"", ""ethereum"", ""geth"", ""go"", ""p2p""]",5,True,True,True,True,False,True,True,True,GNU Lesser General Public License v3.0,LGPL-3.0,24,8,16,31,100,21,79,36,30,3951,15,"{""Go"": 11541374, ""C"": 673770, ""JavaScript"": 444932, ""Assembly"": 63663, ""Shell"": 31172, ""Java"": 30290, ""Sage"": 30191, ""M4"": 25931, ""NSIS"": 23197, ""Smarty"": 22897, ""Python"": 11233, ""Solidity"": 9568, ""Makefile"": 8666, ""HTML"": 1121, ""Dockerfile"": 898}",30,2024-11-19T13:53:28Z
https://github.com/ipfs/js-ipfs,js-ipfs,ipfs,2025-01-16T19:30:17.374458+00:00,IPFS implementation in JavaScript,https://js.ipfs.tech,JavaScript,2014-05-30T00:31:06Z,2025-01-15T08:47:59Z,2023-05-25T17:13:28Z,55948,public,master,7442,1252,7442,0,0,0,"[""decentralized"", ""distributed"", ""immutable"", ""ipfs"", ""ipld"", ""javascript"", ""js-ipfs"", ""libp2p"", ""p2p"", ""peer-to-peer""]",10,True,True,False,True,False,True,True,True,Other,NOASSERTION,34,0,34,102,100,0,100,35,30,2145,4,"{""JavaScript"": 2259097, ""TypeScript"": 89319, ""Makefile"": 535, ""Shell"": 492}",30,2023-05-25T14:54:55Z
https://github.com/ethereum/web3.py,web3.py,ethereum,2025-01-16T19:30:24.845308+00:00,A python interface for interacting with the Ethereum blockchain and ecosystem.,http://web3py.readthedocs.io,Python,2016-04-14T15:59:35Z,2025-01-16T16:11:48Z,2025-01-15T20:32:10Z,31139,public,main,5118,1740,5118,0,0,103,[],0,True,True,False,False,False,True,True,True,MIT License,MIT,33,18,15,44,100,12,88,71,30,846,5,"{""Python"": 2666647, ""Solidity"": 31521, ""Makefile"": 3272, ""Shell"": 1212, ""Dockerfile"": 275}",0,
https://github.com/gulpjs/gulp,gulp,gulpjs,2025-01-16T19:30:31.584569+00:00,A toolkit to automate & enhance your workflow,https://gulpjs.com,JavaScript,2013-07-04T05:26:06Z,2025-01-16T06:54:32Z,2024-05-31T22:23:47Z,1118,public,master,33051,4218,33051,0,0,32,[],0,True,True,False,False,True,True,True,True,MIT License,MIT,78,13,65,252,100,4,96,46,30,196,1,"{""JavaScript"": 20593}",23,2024-03-29T02:56:53Z
https://github.com/ljharb/qs,qs,ljharb,2025-01-16T19:30:38.144759+00:00,A querystring parser with nesting support,,JavaScript,2014-07-25T18:35:41Z,2025-01-16T02:55:34Z,2025-01-14T18:02:44Z,12008,public,main,8621,735,8621,0,0,74,"[""browsers"", ""encoding"", ""javascript"", ""node"", ""nodejs"", ""parse"", ""querystrings"", ""stringify"", ""url-parsing""]",9,True,False,False,False,False,True,True,True,"BSD 3-Clause ""New"" or ""Revised"" License",BSD-3-Clause,74,23,51,311,100,11,89,61,30,441,1,"{""JavaScript"": 152574}",0,
https://github.com/erigontech/erigon,erigon,erigontech,2025-01-16T19:30:44.865957+00:00,Ethereum implementation on the efficiency frontier https://docs.erigon.tech,,Go,2019-05-27T12:12:40Z,2025-01-16T18:01:41Z,2025-01-16T18:26:55Z,403096,public,main,3244,1177,3244,0,0,357,"[""blockchain"", ""ethereum""]",2,True,True,True,False,True,True,True,True,GNU Lesser General Public License v3.0,LGPL-3.0,32,26,6,15,100,18,82,68,30,8359,12,"{""Go"": 16700077, ""C++"": 328367, ""Solidity"": 70251, ""Assembly"": 35217, ""JavaScript"": 34313, ""C"": 31977, ""Shell"": 22628, ""Makefile"": 19754, ""PowerShell"": 19411, ""Dockerfile"": 7151, ""TypeScript"": 5267, ""Python"": 3863}",30,2025-01-06T15:58:36Z
https://github.com/grandinetech/grandine,grandine,grandinetech,2025-01-16T19:30:50.318441+00:00,High performance Ethereum consensus client,,Rust,2021-06-29T11:50:59Z,2025-01-16T10:57:14Z,2025-01-16T16:20:26Z,5238,public,develop,183,33,183,0,0,36,[],0,True,True,True,False,False,True,True,True,GNU General Public License v3.0,GPL-3.0,51,18,33,98,38,18,20,9,8,108,5,"{""Rust"": 3823289, ""Shell"": 5316, ""Ruby"": 3568, ""Dockerfile"": 277, ""HTML"": 140}",6,2024-05-06T08:36:41Z
https://github.com/quic-go/quic-go,quic-go,quic-go,2025-01-16T19:30:55.338914+00:00,A QUIC implementation in pure Go,https://quic-go.net,Go,2016-04-06T20:16:27Z,2025-01-16T17:24:11Z,2025-01-16T13:41:01Z,16832,public,master,10338,1339,10338,0,0,196,"[""go"", ""golang"", ""http3"", ""protocol"", ""quic"", ""quic-client"", ""quic-server""]",7,True,False,True,False,False,True,True,True,MIT License,MIT,29,7,22,21,100,8,92,87,30,5584,3,"{""Go"": 2476986, ""Shell"": 3386, ""Dockerfile"": 1884}",30,2024-11-26T04:27:57Z
https://github.com/ethereumjs/ethereumjs-monorepo,ethereumjs-monorepo,ethereumjs,2025-01-16T19:31:00.449023+00:00,Monorepo for the Ethereum VM TypeScript Implementation,,TypeScript,2015-07-10T14:54:03Z,2025-01-16T10:29:59Z,2025-01-16T14:52:22Z,91674,public,master,2617,775,2617,0,0,141,"[""bytecode"", ""ethereum"", ""ethereumjs"", ""evm"", ""javascript"", ""monorepo"", ""typescript"", ""virtual-machine"", ""vm""]",9,True,True,False,True,True,True,True,True,,,21,11,10,42,100,15,85,72,30,2463,7,"{""TypeScript"": 6070427, ""JavaScript"": 96633, ""Shell"": 30071, ""HTML"": 13746, ""Python"": 3782, ""Dockerfile"": 671, ""Solidity"": 366}",30,2024-09-09T12:21:52Z
https://github.com/alexeyraspopov/picocolors,picocolors,alexeyraspopov,2025-01-16T19:31:06.383862+00:00,The tiniest and the fastest library for terminal output formatting with ANSI colors,,JavaScript,2021-09-27T04:22:36Z,2025-01-16T15:31:02Z,2024-11-18T17:46:33Z,81,public,main,1440,45,1440,0,0,11,"[""ansi"", ""colors"", ""console"", ""terminal"", ""zero-dependency""]",5,True,False,False,False,False,True,True,True,ISC License,ISC,41,7,34,103,51,4,47,26,12,57,1,"{""JavaScript"": 20447}",7,2024-10-16T18:23:21Z
https://github.com/ethereum/solc-js,solc-js,ethereum,2025-01-16T19:31:11.201712+00:00,Javascript bindings for the Solidity compiler,https://soliditylang.org,TypeScript,2016-04-04T13:32:01Z,2025-01-13T05:46:35Z,2024-10-09T08:45:04Z,715,public,master,1469,479,1469,0,0,71,"[""compiler"", ""ethereum"", ""hacktoberfest"", ""solidity""]",4,True,False,False,False,False,True,True,True,MIT License,MIT,48,20,28,98,100,10,90,70,30,391,3,"{""TypeScript"": 108876, ""JavaScript"": 12915, ""Solidity"": 1407}",0,
https://github.com/chzyer/readline,readline,chzyer,2025-01-16T19:31:16.850430+00:00,Readline is a pure go(golang) implementation for GNU-Readline kind library,,Go,2015-09-20T15:11:30Z,2025-01-14T03:23:26Z,2024-12-09T08:34:13Z,3576,public,master,2107,280,2107,0,0,108,"[""go"", ""golang"", ""readline"", ""readline-library""]",4,True,True,True,False,False,True,True,True,MIT License,MIT,59,49,10,50,100,30,70,61,30,197,1,"{""Go"": 119822}",6,2022-04-14T12:18:49Z
https://github.com/marak/colors.js,colors.js,marak,2025-01-16T19:31:25.450510+00:00,get colors in your node.js console, https://github.com/Marak/colors.js,JavaScript,2010-06-11T06:48:43Z,2025-01-16T05:46:32Z,2023-06-14T06:56:47Z,380,public,master,5180,449,5180,0,0,90,[],0,True,True,True,False,False,True,True,True,Other,NOASSERTION,73,49,24,804,100,19,81,34,30,81,1,"{""JavaScript"": 30561}",0,
https://github.com/reactivex/rxjs,rxjs,reactivex,2025-01-16T19:31:31.101294+00:00,A reactive programming library for JavaScript,https://rxjs.dev,TypeScript,2015-03-15T06:17:10Z,2025-01-16T17:01:51Z,2024-06-28T08:43:02Z,125743,public,master,30933,3005,30933,0,0,270,"[""javascript"", ""rxjs""]",2,True,True,False,True,True,True,True,True,Apache License 2.0,Apache-2.0,35,14,21,61,100,25,75,54,30,2055,6,"{""TypeScript"": 3225814, ""JavaScript"": 204184, ""SCSS"": 75634, ""HTML"": 39777, ""Shell"": 8728, ""Dockerfile"": 148}",2,2024-01-12T22:21:45Z
https://github.com/webreflection/flatted,flatted,webreflection,2025-01-16T19:31:37.736541+00:00,A fast and minimal circular JSON parser.,,JavaScript,2018-04-26T08:05:51Z,2025-01-10T06:42:36Z,2024-11-18T15:03:37Z,842,public,main,1054,49,1054,0,0,2,[],0,True,True,True,False,False,True,True,True,ISC License,ISC,55,1,54,202,27,1,26,15,11,97,4,"{""JavaScript"": 29666, ""PHP"": 8677, ""Python"": 6008, ""HTML"": 415}",0,
https://github.com/xtuc/webassemblyjs,webassemblyjs,xtuc,2025-01-16T19:31:42.362704+00:00,Toolchain for WebAssembly,https://webassembly.js.org,JavaScript,2017-12-04T06:49:30Z,2025-01-15T22:47:41Z,2025-01-13T05:01:59Z,7668,public,master,791,92,791,0,0,77,"[""ast"", ""compiler"", ""interpreter"", ""javascript"", ""parser"", ""polyfill"", ""wasm"", ""wast"", ""webassembly""]",9,True,False,False,True,False,True,True,True,MIT License,MIT,12,6,6,16,100,10,90,9,30,1443,6,"{""JavaScript"": 1066359, ""Makefile"": 2293, ""WebAssembly"": 2198, ""Shell"": 1681, ""C"": 412, ""CSS"": 117}",0,
https://github.com/gregberge/svgr,svgr,gregberge,2025-01-16T19:31:47.926622+00:00,Transform SVGs into React components ü¶Å,https://react-svgr.com,TypeScript,2017-09-01T21:38:42Z,2025-01-16T09:33:25Z,2025-01-01T12:56:20Z,15924,public,main,10641,425,10641,0,0,120,"[""inline-svg"", ""loader"", ""react"", ""react-native"", ""react-svg"", ""react-svg-creator"", ""react-svg-loader"", ""svg"", ""svg-react"", ""svg-to-react"", ""svg2react"", ""svgo"", ""webpack"", ""webpack-loader""]",14,True,False,False,False,True,True,True,True,MIT License,MIT,75,57,18,99,100,13,87,73,30,485,3,"{""TypeScript"": 157321, ""MDX"": 50090, ""JavaScript"": 34897}",30,2023-08-15T06:46:26Z
https://github.com/wooorm/markdown-table,markdown-table,wooorm,2025-01-16T19:31:54.753786+00:00,Generate a markdown (GFM) table,,JavaScript,2014-10-04T17:30:06Z,2025-01-02T22:57:22Z,2024-10-22T11:57:29Z,130,public,main,274,24,274,0,0,0,"[""ascii"", ""gfm"", ""markdown"", ""table""]",4,True,False,False,False,False,True,True,True,MIT License,MIT,11,0,11,28,22,0,22,6,5,140,1,"{""JavaScript"": 19026}",11,2024-10-22T11:59:22Z
https://github.com/prysmaticlabs/prysm,prysm,prysmaticlabs,2025-01-16T19:32:01.219878+00:00,Go implementation of Ethereum proof of stake,https://www.offchainlabs.com,Go,2018-01-11T21:31:33Z,2025-01-16T17:59:08Z,2025-01-16T19:28:59Z,166353,public,develop,3499,1050,3499,0,0,303,"[""ethereum""]",1,True,True,True,False,True,True,True,True,GNU General Public License v3.0,GPL-3.0,15,4,11,36,100,19,81,69,30,2147,9,"{""Go"": 16067398, ""Starlark"": 957550, ""Shell"": 93369, ""Smarty"": 30937, ""Solidity"": 9464, ""Batchfile"": 8744, ""PowerShell"": 4900, ""Dockerfile"": 1196, ""C++"": 13}",30,2024-12-16T19:42:18Z
https://github.com/coinbase/coinbase-wallet-sdk,coinbase-wallet-sdk,coinbase,2025-01-16T19:32:07.405123+00:00,An open protocol that lets users connect their mobile wallets to your DApp,https://coinbase.github.io/coinbase-wallet-sdk/,TypeScript,2019-05-01T02:05:45Z,2025-01-16T15:57:10Z,2025-01-13T21:52:28Z,26207,public,master,1530,601,1530,0,0,7,"[""coinbase"", ""ethereum"", ""ethereum-wallet""]",3,True,False,False,True,False,True,True,True,MIT License,MIT,12,4,8,27,100,3,97,83,30,237,4,"{""TypeScript"": 268628, ""JavaScript"": 23447, ""SCSS"": 9073, ""Shell"": 1108}",30,2024-11-12T18:51:51Z
https://github.com/bradfitz/iter,iter,bradfitz,2025-01-16T19:32:12.598032+00:00,"Range over integers [0,n). Seriously, that's it.",http://godoc.org/github.com/bradfitz/iter,Go,2014-01-24T04:11:58Z,2024-11-29T08:23:44Z,2019-12-30T17:51:10Z,3,public,master,298,12,298,0,0,0,[],0,True,True,True,False,False,True,True,True,"BSD 3-Clause ""New"" or ""Revised"" License",BSD-3-Clause,7,0,7,12,4,0,4,0,1,4,1,"{""Go"": 1566}",0,
https://github.com/walletconnect/walletconnect-monorepo,walletconnect-monorepo,walletconnect,2025-01-16T19:32:16.020885+00:00,WalletConnect Monorepo ,,TypeScript,2018-08-26T14:02:36Z,2025-01-16T11:13:37Z,2025-01-16T12:13:14Z,92558,public,v2.0,1486,728,1486,0,0,66,"[""devtools"", ""ethereum"", ""library"", ""mobile"", ""react-native"", ""typescript"", ""wallet"", ""walletconnect"", ""web3""]",9,True,True,True,False,True,True,True,True,Apache License 2.0,Apache-2.0,46,23,23,68,100,14,86,68,30,2446,8,"{""TypeScript"": 1036265, ""Kotlin"": 3778, ""JavaScript"": 2822, ""Ruby"": 1678, ""Objective-C++"": 1547, ""Shell"": 833, ""Objective-C"": 264, ""Dockerfile"": 219}",30,2025-01-16T11:13:53Z
https://github.com/qix-/color-convert,color-convert,qix-,2025-01-16T19:32:21.184350+00:00,Plain color conversion functions in JavaScript,,JavaScript,2011-06-10T04:15:33Z,2025-01-15T21:33:11Z,2024-01-26T23:00:07Z,152,public,master,751,96,751,0,0,17,[],0,True,True,True,False,False,True,True,True,MIT License,MIT,51,13,38,130,56,4,52,34,25,68,1,"{""JavaScript"": 34304}",2,2015-07-23T07:11:26Z
https://github.com/mafintosh/pump,pump,mafintosh,2025-01-16T19:32:25.912058+00:00,pipe streams together and close all of them if one of them closes,,JavaScript,2013-08-14T19:59:20Z,2025-01-06T14:34:45Z,2024-09-11T07:57:24Z,34,public,master,910,59,910,0,0,17,[],0,True,True,True,False,False,True,True,True,MIT License,MIT,40,12,28,113,20,5,15,5,7,63,1,"{""JavaScript"": 4415}",0,
https://github.com/dcodeio/long.js,long.js,dcodeio,2025-01-16T19:32:30.358720+00:00,A Long class for representing a 64-bit two's-complement integer value.,,JavaScript,2013-03-10T01:21:32Z,2025-01-12T02:46:27Z,2025-01-10T01:42:55Z,541,public,main,892,206,892,0,0,27,"[""javascript"", ""math""]",2,True,True,True,False,False,True,True,True,Apache License 2.0,Apache-2.0,62,17,45,214,45,10,35,21,17,89,2,"{""JavaScript"": 155803, ""WebAssembly"": 4386}",11,2025-01-10T01:42:55Z
https://github.com/heim-rs/darwin-libproc,darwin-libproc,heim-rs,2025-01-16T19:32:35.302636+00:00,Rust FFI bindings for macOS libproc,https://crates.io/crates/darwin-libproc,Rust,2019-08-13T12:48:25Z,2025-01-08T20:44:12Z,2023-10-16T07:29:17Z,54,public,master,8,22,8,0,0,6,"[""darwin"", ""ffi"", ""libproc"", ""macos"", ""processes"", ""rust""]",6,True,False,False,False,False,True,True,True,Apache License 2.0,Apache-2.0,3,2,1,4,7,4,3,0,1,14,3,"{""Rust"": 125196, ""Shell"": 697, ""C"": 211}",0,
https://github.com/lukeed/polka,polka,lukeed,2025-01-16T19:32:39.401886+00:00,"A micro web server so fast, it'll make you dance! :dancers:",,JavaScript,2017-12-22T05:55:41Z,2025-01-16T10:30:03Z,2024-09-19T13:52:53Z,768,public,main,5440,173,5440,0,0,27,[],0,True,False,False,False,False,True,True,True,MIT License,MIT,66,15,51,181,63,4,59,39,13,191,1,"{""JavaScript"": 38101}",21,2024-09-19T14:22:21Z
https://github.com/salesforce/tough-cookie,tough-cookie,salesforce,2025-01-16T19:32:44.323651+00:00,RFC6265 Cookies and CookieJar for Node.js,,TypeScript,2011-10-19T15:22:36Z,2025-01-15T07:44:20Z,2025-01-09T15:55:17Z,2148,public,master,980,227,980,0,0,17,[],0,True,True,False,False,True,True,True,True,"BSD 3-Clause ""New"" or ""Revised"" License",BSD-3-Clause,12,2,10,15,100,3,97,77,30,181,4,"{""TypeScript"": 344902, ""JavaScript"": 168011, ""Shell"": 423, ""EJS"": 96}",9,2025-01-09T15:36:00Z
https://github.com/pion/webrtc,webrtc,pion,2025-01-16T19:32:50.175200+00:00,Pure Go implementation of the WebRTC API,https://pion.ly,Go,2018-05-18T23:10:05Z,2025-01-16T16:58:33Z,2025-01-16T16:58:29Z,5625,public,master,14150,1675,14150,0,0,86,"[""audio"", ""go"", ""golang"", ""live-video"", ""ortc"", ""p2p"", ""pion"", ""pion-webrtc"", ""rtp"", ""srtp"", ""streaming"", ""video"", ""voip"", ""wasm"", ""webassembly"", ""webcam"", ""webrtc"", ""webrtc-api"", ""webrtc-libraries"", ""webrtc-server""]",20,True,False,True,False,True,True,True,True,MIT License,MIT,29,13,16,47,100,8,92,73,30,722,5,"{""Go"": 1232514, ""HTML"": 1169, ""Shell"": 801, ""JavaScript"": 380, ""Dockerfile"": 340}",30,2024-12-25T12:17:11Z
https://github.com/mozilla/source-map,source-map,mozilla,2025-01-16T19:32:55.244403+00:00,Consume and generate source maps.,,JavaScript,2011-07-07T22:07:39Z,2025-01-15T07:52:16Z,2024-06-09T14:37:42Z,7514,public,master,3578,361,3578,0,0,63,[],0,True,False,True,False,False,True,True,True,Other,NOASSERTION,60,25,35,120,100,22,78,60,30,423,6,"{""JavaScript"": 271054, ""Rust"": 71435, ""Python"": 8915, ""R"": 8735, ""HTML"": 2062, ""Shell"": 945}",0,
https://github.com/consensys/teku,teku,consensys,2025-01-16T19:33:02.008600+00:00,Open-source Ethereum consensus client written in Java,https://consensys.io/teku,Java,2018-09-07T09:30:05Z,2025-01-16T12:58:39Z,2025-01-16T18:25:47Z,540906,public,master,692,304,692,0,0,150,"[""beacon-chain"", ""consensys"", ""eth2"", ""eth2-clients"", ""ethereum"", ""hacktoberfest"", ""hacktoberfest2021"", ""java"", ""proof-of-stake"", ""teku""]",10,True,False,True,True,True,True,True,True,Apache License 2.0,Apache-2.0,28,13,15,15,100,3,97,74,30,1509,6,"{""Java"": 19973882, ""Shell"": 24203, ""JavaScript"": 6291, ""Python"": 3821, ""Dockerfile"": 2460, ""HTML"": 871}",30,2024-12-18T11:04:40Z
https://github.com/epoberezkin/fast-deep-equal,fast-deep-equal,epoberezkin,2025-01-16T19:33:07.856023+00:00,"The fastest deep equality check with Date, RegExp and ES6 Map, Set and typed arrays support",,JavaScript,2017-06-15T22:23:23Z,2025-01-15T09:04:42Z,2023-10-05T21:22:34Z,102,public,master,1929,106,1929,0,0,34,"[""deep-equals"", ""equal""]",2,True,True,True,False,False,True,True,True,MIT License,MIT,31,18,13,43,93,14,79,22,12,85,1,"{""JavaScript"": 24157}",14,2020-06-08T07:26:05Z
https://github.com/fb55/entities,entities,fb55,2025-01-16T19:33:13.512153+00:00,encode & decode HTML & XML entities with ease & speed,,TypeScript,2012-01-13T17:02:59Z,2025-01-14T10:27:04Z,2025-01-14T10:28:14Z,4481,public,main,331,64,331,0,0,2,"[""entities"", ""html-entities"", ""javascript""]",3,True,False,False,False,False,True,True,True,"BSD 2-Clause ""Simplified"" License",BSD-2-Clause,1,1,0,1,100,1,99,76,21,1066,2,"{""TypeScript"": 151010, ""JavaScript"": 298}",18,2024-12-22T18:18:38Z
https://github.com/rich-harris/magic-string,magic-string,rich-harris,2025-01-16T19:33:18.540978+00:00,Manipulate strings like a wizard,,JavaScript,2014-11-03T23:10:14Z,2025-01-16T14:32:11Z,2024-12-16T06:14:46Z,1260,public,master,2440,115,2440,0,0,30,[],0,True,True,True,False,False,True,True,True,MIT License,MIT,39,14,25,41,100,9,91,73,30,359,2,"{""JavaScript"": 152815, ""HTML"": 40}",0,
https://github.com/colorjs/color-name,color-name,colorjs,2025-01-16T19:33:23.860763+00:00,A JSON with CSS color names,,JavaScript,2014-11-23T16:16:07Z,2024-11-13T05:34:44Z,2024-10-29T09:53:40Z,20,public,master,119,30,119,0,0,0,"[""color"", ""colorjs""]",2,True,True,True,False,False,True,True,True,MIT License,MIT,8,0,8,16,15,0,15,7,7,28,1,"{""JavaScript"": 4309}",2,2024-10-29T17:38:10Z
https://github.com/vweevers/module-error,module-error,vweevers,2025-01-16T19:33:28.431592+00:00,Create errors with code and cause properties.,,JavaScript,2021-10-22T09:00:52Z,2024-09-04T02:08:13Z,2023-06-01T16:00:22Z,23,public,main,6,1,6,0,0,3,"[""error"", ""javascript"", ""nodejs"", ""npm-package""]",4,True,False,False,False,False,True,True,True,MIT License,MIT,0,0,0,0,11,3,8,7,2,7,1,"{""JavaScript"": 2366}",3,2022-02-19T15:42:20Z
https://github.com/brooooooklyn/snappy,snappy,brooooooklyn,2025-01-16T19:33:32.418729+00:00,Fastest Snappy compression library in Node.js,,Rust,2021-06-09T14:28:04Z,2025-01-13T05:54:18Z,2025-01-13T05:54:14Z,13220,public,main,168,10,168,0,0,12,"[""compression"", ""napi"", ""napi-rs"", ""node-api"", ""rust"", ""snappy""]",6,True,True,True,False,False,True,True,True,MIT License,MIT,6,2,4,9,100,0,100,89,5,112,4,"{""Rust"": 5315, ""TypeScript"": 3705, ""JavaScript"": 1548, ""Shell"": 59}",15,2022-11-13T14:42:11Z
https://github.com/mysticatea/abort-controller,abort-controller,mysticatea,2025-01-16T19:33:37.520817+00:00,An implementation of WHATWG AbortController interface.,,TypeScript,2017-09-29T04:05:44Z,2025-01-09T20:52:24Z,2021-03-30T17:01:33Z,115,public,master,305,36,305,0,0,23,"[""abort-controller"", ""cancellation"", ""dom"", ""javascript"", ""library"", ""nodejs"", ""npm-module"", ""npm-package"", ""web"", ""whatwg""]",10,True,True,True,False,False,True,True,True,MIT License,MIT,29,17,12,73,11,6,5,5,5,44,2,"{""TypeScript"": 10995, ""JavaScript"": 5861}",9,2019-04-03T06:24:29Z
https://github.com/getsentry/sentry-javascript,sentry-javascript,getsentry,2025-01-16T19:33:41.456725+00:00,Official Sentry SDKs for JavaScript,https://sentry.io,TypeScript,2012-02-01T20:16:25Z,2025-01-16T12:33:55Z,2025-01-16T19:16:12Z,146480,public,develop,8064,1609,8064,0,0,394,"[""angular"", ""crash-reporting"", ""ember"", ""error-monitoring"", ""hacktoberfest"", ""javascript"", ""javascript-client"", ""nextjs"", ""node"", ""raven"", ""react"", ""sdk"", ""sentry"", ""sentry-client"", ""tag-production"", ""team-web-frontend"", ""typescript"", ""vue""]",18,True,True,False,True,True,True,True,True,MIT License,MIT,28,21,7,52,100,27,73,65,30,1221,11,"{""TypeScript"": 7301591, ""JavaScript"": 490051, ""HTML"": 54793, ""C++"": 38771, ""Astro"": 16577, ""Vue"": 15952, ""CSS"": 14945, ""Svelte"": 14230, ""Shell"": 10918, ""Handlebars"": 6865, ""Python"": 560}",30,2025-01-15T15:58:18Z
https://github.com/formatjs/formatjs,formatjs,formatjs,2025-01-16T19:33:47.908100+00:00,"The monorepo home to all of the FormatJS related libraries, most notably react-intl.",https://formatjs.github.io/,TypeScript,2014-04-24T17:28:36Z,2025-01-16T18:11:37Z,2025-01-16T05:34:50Z,62122,public,main,14360,1365,14360,0,0,35,"[""formatjs"", ""globalization"", ""i18n"", ""internationalization"", ""intl"", ""javascript"", ""localization"", ""react"", ""translation"", ""ui"", ""web""]",11,True,False,False,False,True,True,True,True,,,16,10,6,29,100,11,89,85,30,2318,9,"{""TypeScript"": 1433351, ""Starlark"": 174437, ""JavaScript"": 26452, ""MDX"": 17799, ""CSS"": 4470, ""HTML"": 4230, ""Vue"": 2793, ""Shell"": 2745, ""Handlebars"": 1968}",30,2025-01-02T15:58:43Z
https://github.com/yahoo/serialize-javascript,serialize-javascript,yahoo,2025-01-16T19:33:52.974629+00:00,Serialize JavaScript to a superset of JSON that includes regular expressions and functions.,,JavaScript,2014-09-16T16:07:16Z,2025-01-08T10:06:57Z,2024-11-25T14:10:20Z,309,public,main,2831,182,2831,0,0,39,"[""javascript"", ""json"", ""serialize"", ""web""]",4,True,True,False,False,False,True,True,True,Other,NOASSERTION,19,13,6,33,100,5,95,79,25,44,1,"{""JavaScript"": 34563}",23,2024-01-09T01:06:40Z
https://github.com/tklauser/go-sysconf,go-sysconf,tklauser,2025-01-16T19:33:59.152017+00:00,"sysconf for Go, without using cgo",https://pkg.go.dev/github.com/tklauser/go-sysconf,Go,2018-09-25T14:07:03Z,2025-01-15T10:29:10Z,2025-01-15T10:29:10Z,307,public,main,140,27,140,0,0,1,"[""bsd"", ""cgo"", ""getconf"", ""go"", ""golang"", ""linux"", ""posix"", ""sysconf"", ""sysconfig"", ""system-programming"", ""unix""]",11,True,False,True,False,False,True,True,True,"BSD 3-Clause ""New"" or ""Revised"" License",BSD-3-Clause,2,1,1,5,100,0,100,96,3,230,1,"{""Go"": 195405}",7,2024-04-25T08:36:14Z
https://github.com/kaelzhang/node-ignore,node-ignore,kaelzhang,2025-01-16T19:34:04.071813+00:00,"üîç node-ignore is the manager and filter for .gitignore rules, the one used by eslint, prettier and many others.",,JavaScript,2013-09-01T10:52:11Z,2025-01-14T07:14:52Z,2025-01-14T03:52:52Z,386,public,master,454,47,454,0,0,4,"[""gitignore"", ""ignore-files"", ""ignore-patterns"", ""ignore-rules"", ""javascript"", ""nodejs""]",6,True,True,True,False,False,True,True,True,Other,NOASSERTION,41,3,38,144,74,1,73,29,18,194,2,"{""JavaScript"": 34297, ""TypeScript"": 1724}",14,2024-12-23T11:59:16Z
https://github.com/mmcloughlin/addchain,addchain,mmcloughlin,2025-01-16T19:34:09.589418+00:00,Cryptographic Addition Chain Generation in Go,,Go,2020-01-31T03:31:03Z,2024-12-30T09:51:09Z,2024-06-30T22:18:29Z,441,public,master,188,14,188,0,0,30,[],0,True,False,False,False,False,True,True,True,"BSD 3-Clause ""New"" or ""Revised"" License",BSD-3-Clause,25,16,9,61,93,1,92,88,2,260,2,"{""Go"": 241075, ""Shell"": 13913}",4,2021-10-30T03:54:53Z
https://github.com/google/flatbuffers,flatbuffers,google,2025-01-16T19:34:14.434461+00:00,FlatBuffers: Memory Efficient Serialization Library,https://flatbuffers.dev/,C++,2014-05-19T18:33:01Z,2025-01-16T15:39:28Z,2025-01-16T07:10:25Z,19889,public,master,23650,3280,23650,0,0,139,"[""c"", ""c-plus-plus"", ""c-sharp"", ""cross-platform"", ""flatbuffers"", ""go"", ""grpc"", ""java"", ""javascript"", ""json-parser"", ""marshalling"", ""mmap"", ""protobuf"", ""python"", ""rpc"", ""rust"", ""serialization"", ""serialization-library"", ""typescript"", ""zero-copy""]",20,True,False,True,True,True,True,True,True,Apache License 2.0,Apache-2.0,45,37,8,25,100,31,69,46,30,373,24,"{""C++"": 3978451, ""Rust"": 1332013, ""Python"": 719766, ""Swift"": 657837, ""Java"": 622946, ""C#"": 595528, ""JavaScript"": 563679, ""Kotlin"": 450059, ""Dart"": 407525, ""TypeScript"": 363551, ""PHP"": 189050, ""Go"": 148114, ""Nim"": 98085, ""Lua"": 97525, ""CMake"": 64822, ""Starlark"": 53987, ""Shell"": 28579, ""CSS"": 5507, ""HTML"": 2822, ""Batchfile"": 2105, ""C"": 1365, ""Ruby"": 1001, ""Roff"": 648, ""Makefile"": 481}",30,2024-12-23T21:11:01Z
https://github.com/safe-global/safe-smart-account,safe-smart-account,safe-global,2025-01-16T19:34:21.457621+00:00,Safe allows secure management of blockchain assets. ,https://safe.global,TypeScript,2017-09-02T09:23:38Z,2025-01-16T15:01:50Z,2025-01-16T14:14:52Z,8377,public,main,1914,957,1914,0,0,14,"[""ethereum"", ""solidity"", ""wallet""]",3,True,True,False,False,False,True,True,True,GNU Lesser General Public License v3.0,LGPL-3.0,14,1,13,12,100,0,100,86,30,430,6,"{""TypeScript"": 484902, ""Solidity"": 216413, ""Python"": 57097, ""JavaScript"": 33793, ""Ruby"": 9105, ""Makefile"": 713}",16,2024-10-02T14:28:01Z
